<?xml version="1.0" encoding="UTF-8"?>
<manifest identifier="Bongo_SCORM"
          version="1.2"
          xmlns="http://www.imsproject.org/xsd/imscp_rootv1p1p2"
          xmlns:adlcp="http://www.adlnet.org/xsd/adlcp_rootv1p2"
          xmlns:xsi="http://www.w3.org/2001/XMLSchema-instance"
          xsi:schemaLocation="
            http://www.adlnet.org/xsd/adlcp_rootv1p2 adlcp_rootv1p2.xsd
            http://www.imsproject.org/xsd/imscp_rootv1p1p2 imscp_rootv1p1p2.xsd
            http://www.imsglobal.org/xsd/imsmd_rootv1p2p1 imsmd_rootv1p2p1.xsd">

    <organizations default="ORG1">
        <organization identifier="ORG1">
            <title>İnteraktif Bongo Davulları</title>
            <item identifier="ITEM1" identifierref="RES1">
                <title>İnteraktif Bongo Davulları Etkinliği</title>
            </item>
        </organization>
    </organizations>

    <resources>
        <resource identifier="RES1"
                  type="webcontent"
                  adlcp:scormType="asset"
                  href="bongo.html">
            <file href="bongo.html" />
        </resource>
    </resources>
</manifest>
