<?xml version="1.0" encoding="UTF-8"?>
<manifest identifier="pipwerksWrapperSCORM12" version="1.0" xmlns="http://www.imsproject.org/xsd/imscp_rootv1p1p2" xmlns:imsmd="http://www.imsglobal.org/xsd/imsmd_rootv1p2p1" xmlns:xsi="http://www.w3.org/2001/XMLSchema-instance" xmlns:adlcp="http://www.adlnet.org/xsd/adlcp_rootv1p2" xsi:schemaLocation="http://www.imsproject.org/xsd/imscp_rootv1p1p2 imscp_rootv1p1p2.xsd http://www.imsglobal.org/xsd/imsmd_rootv1p2p1 imsmd_rootv1p2p1.xsd http://www.adlnet.org/xsd/adlcp_rootv1p2 adlcp_rootv1p2.xsd">
<metadata>
  <schema>ADL SCORM</schema>
  <schemaversion>1.2</schemaversion>
</metadata>
<organizations default="LearningApps.org">
  <organization identifier="LearningApps.org" structure="hierarchical">
    <title>Deneme</title><item identifier="Tanışma" isvisible="true" identifierref="LAFiles0" ><title>Deneme</title></item></organization>
	</organizations>
  <resources><resource identifier="LAFiles0" type="webcontent" adlcp:scormtype="sco" href="index.html"><file href="index.html" />
      <file href="SCORM_API_wrapper.js" /></resource></resources></manifest>