<?xml version="1.0" encoding="UTF-8"?>
<manifest identifier="davul_scorm"
          version="1.0"
          xmlns="http://www.imsglobal.org/xsd/imscp_v1p1"
          xmlns:adlcp="http://www.adlnet.org/xsd/adlcp_v1p3"
          xmlns:xsi="http://www.w3.org/2001/XMLSchema-instance"
          xsi:schemaLocation="
          http://www.imsglobal.org/xsd/imscp_v1p1 imscp_v1p1.xsd
          http://www.adlnet.org/xsd/adlcp_v1p3 adlcp_v1p3.xsd">

  <organizations default="ORG1">
    <organization identifier="ORG1">
      <title>Davul Uygulaması</title>
      <item identifier="ITEM1" identifierref="RES1">
        <title>Davul Pad</title>
      </item>
    </organization>
  </organizations>

  <resources>
    <resource identifier="RES1"
              type="webcontent"
              adlcp:scormType="sco"
              href="index.html">
      <file href="index.html"/>
      <file href="imsmanifest.xml"/>
      <file href="KickSound.mp3"/>
      <file href="CrashSound.mp3"/>
      <file href="RideSound.mp3"/>
      <file href="hi-hat-open-acoustic-sample-455284.mp3"/>
      <file href="Tom 1.mp3"/>
      <file href="Tom 2.mp3"/>
      <file href="Floor Tom.mp3"/>
    </resource>
  </resources>
</manifest>
